<?xml version="1.0" encoding="UTF-8"?>
<project-private xmlns="http://www.netbeans.org/ns/project-private/1">
    <editor-bookmarks xmlns="http://www.netbeans.org/ns/editor-bookmarks/2" lastBookmarkId="0"/>
    <open-files xmlns="http://www.netbeans.org/ns/projectui-open-files/2">
        <group>
            <file>file:/C:/Users/yt/Downloads/Clinica/src/Interfaz/Productos.java</file>
            <file>file:/C:/Users/yt/Downloads/Clinica/src/Interfaz/Consulta.java</file>
            <file>file:/C:/Users/yt/Downloads/Clinica/src/Interfaz/RegistroPaciente.java</file>
            <file>file:/C:/Users/yt/Downloads/Clinica/src/conexion/Database.java</file>
            <file>file:/C:/Users/yt/Downloads/Clinica/src/Interfaz/Principal.java</file>
            <file>file:/C:/Users/yt/Downloads/Clinica/src/Interfaz/InicioSesion.java</file>
        </group>
    </open-files>
</project-private>
